love, passion, anger
love, passion, anger
love, passion, anger
isolation, melancholy, passivity
isolation, melancholy, passivity
isolation, melancholy, passivity
love, passion, anger
love, passion, anger
love, passion, anger
innocence, playful, empathy
innocence, playful, empathy
innocence, playful, empathy
isolation, melancholy, passivity
isolation, melancholy, passivity
isolation, melancholy, passivity
isolation, melancholy, passivity
isolation, melancholy, passivity
isolation, melancholy, passivity
love, passion, anger
love, passion, anger
love, passion, anger
love, passion, anger
isolation, melancholy, passivity
isolation, melancholy, passivity
isolation, melancholy, passivity
isolation, melancholy, passivity
isolation, melancholy, passivity
isolation, melancholy, passivity
love, passion, anger
love, passion, anger
love, passion, anger
love, passion, anger
love, passion, anger
love, passion, anger
love, passion, anger
love, passion, anger
love, passion, anger
love, passion, anger
love, passion, anger
love, passion, anger
love, passion, anger
love, passion, anger
love, passion, anger
love, passion, anger
love, passion, anger
love, passion, anger
love, passion, anger
love, passion, anger
love, passion, anger
love, passion, anger
love, passion, anger
isolation, melancholy, passivity
isolation, melancholy, passivity
isolation, melancholy, passivity
love, passion, anger
love, passion, anger
isolation, melancholy, passivity
love, passion, anger
love, passion, anger
love, passion, anger
love, passion, anger
love, passion, anger
love, passion, anger
love, passion, anger
love, passion, anger
love, passion, anger
love, passion, anger
love, passion, anger
love, passion, anger
love, passion, anger
love, passion, anger
love, passion, anger
love, passion, anger
love, passion, anger
love, passion, anger
love, passion, anger
love, passion, anger
love, passion, anger
isolation, melancholy, passivity
isolation, melancholy, passivity
innocence, playful, empathy
love, passion, anger
love, passion, anger
love, passion, anger
love, passion, anger
love, passion, anger
love, passion, anger
love, passion, anger
love, passion, anger
love, passion, anger
love, passion, anger
love, passion, anger
love, passion, anger
love, passion, anger
love, passion, anger
love, passion, anger
love, passion, anger
love, passion, anger
love, passion, anger
love, passion, anger
innocence, playful, empathy
innocence, playful, empathy
innocence, playful, empathy
innocence, playful, empathy
innocence, playful, empathy
innocence, playful, empathy
love, passion, anger
love, passion, anger
isolation, melancholy, passivity
love, passion, anger
love, passion, anger
innocence, playful, empathy
innocence, playful, empathy
innocence, playful, empathy
isolation, melancholy, passivity
love, passion, anger
love, passion, anger
isolation, melancholy, passivity
isolation, melancholy, passivity
isolation, melancholy, passivity
isolation, melancholy, passivity
love, passion, anger
love, passion, anger
isolation, melancholy, passivity
love, passion, anger
love, passion, anger
isolation, melancholy, passivity
love, passion, anger
love, passion, anger
isolation, melancholy, passivity
love, passion, anger
love, passion, anger
innocence, playful, empathy
innocence, playful, empathy
innocence, playful, empathy
innocence, playful, empathy
innocence, playful, empathy
innocence, playful, empathy
isolation, melancholy, passivity
love, passion, anger
love, passion, anger
isolation, melancholy, passivity
isolation, melancholy, passivity
isolation, melancholy, passivity
love, passion, anger
love, passion, anger
love, passion, anger
innocence, playful, empathy
innocence, playful, empathy
innocence, playful, empathy
isolation, melancholy, passivity
love, passion, anger
love, passion, anger
innocence, playful, empathy
innocence, playful, empathy
love, passion, anger
innocence, playful, empathy
love, passion, anger
isolation, melancholy, passivity
innocence, playful, empathy
innocence, playful, empathy
innocence, playful, empathy
love, passion, anger
love, passion, anger
love, passion, anger
innocence, playful, empathy
innocence, playful, empathy
innocence, playful, empathy
isolation, melancholy, passivity
isolation, melancholy, passivity
isolation, melancholy, passivity
isolation, melancholy, passivity
isolation, melancholy, passivity
isolation, melancholy, passivity
innocence, playful, empathy
innocence, playful, empathy
innocence, playful, empathy
isolation, melancholy, passivity
love, passion, anger
love, passion, anger
love, passion, anger
love, passion, anger
love, passion, anger
love, passion, anger
love, passion, anger
love, passion, anger
isolation, melancholy, passivity
isolation, melancholy, passivity
isolation, melancholy, passivity
isolation, melancholy, passivity
isolation, melancholy, passivity
isolation, melancholy, passivity
innocence, playful, empathy
innocence, playful, empathy
innocence, playful, empathy
innocence, playful, empathy
isolation, melancholy, passivity
isolation, melancholy, passivity
isolation, melancholy, passivity
innocence, playful, empathy
isolation, melancholy, passivity
innocence, playful, empathy
innocence, playful, empathy
innocence, playful, empathy
isolation, melancholy, passivity
isolation, melancholy, passivity
isolation, melancholy, passivity
innocence, playful, empathy
innocence, playful, empathy
innocence, playful, empathy
innocence, playful, empathy
innocence, playful, empathy
innocence, playful, empathy
innocence, playful, empathy
innocence, playful, empathy
innocence, playful, empathy
innocence, playful, empathy
innocence, playful, empathy
innocence, playful, empathy
innocence, playful, empathy
innocence, playful, empathy
innocence, playful, empathy
innocence, playful, empathy
innocence, playful, empathy
innocence, playful, empathy
innocence, playful, empathy
innocence, playful, empathy
innocence, playful, empathy
innocence, playful, empathy
innocence, playful, empathy
innocence, playful, empathy
innocence, playful, empathy
innocence, playful, empathy
innocence, playful, empathy
innocence, playful, empathy
innocence, playful, empathy
innocence, playful, empathy
isolation, melancholy, passivity
isolation, melancholy, passivity
isolation, melancholy, passivity
isolation, melancholy, passivity
isolation, melancholy, passivity
isolation, melancholy, passivity
innocence, playful, empathy
innocence, playful, empathy
innocence, playful, empathy
innocence, playful, empathy
innocence, playful, empathy
innocence, playful, empathy
isolation, melancholy, passivity
isolation, melancholy, passivity
isolation, melancholy, passivity
isolation, melancholy, passivity
isolation, melancholy, passivity
isolation, melancholy, passivity
isolation, melancholy, passivity
innocence, playful, empathy
innocence, playful, empathy
isolation, melancholy, passivity
isolation, melancholy, passivity
isolation, melancholy, passivity
isolation, melancholy, passivity
isolation, melancholy, passivity
isolation, melancholy, passivity
isolation, melancholy, passivity
isolation, melancholy, passivity
isolation, melancholy, passivity
love, passion, anger
love, passion, anger
love, passion, anger
love, passion, anger
love, passion, anger
love, passion, anger
isolation, melancholy, passivity
isolation, melancholy, passivity
isolation, melancholy, passivity
innocence, playful, empathy
innocence, playful, empathy
innocence, playful, empathy
love, passion, anger
love, passion, anger
love, passion, anger
love, passion, anger
love, passion, anger
love, passion, anger
love, passion, anger
love, passion, anger
love, passion, anger
isolation, melancholy, passivity
isolation, melancholy, passivity
isolation, melancholy, passivity
love, passion, anger
isolation, melancholy, passivity
isolation, melancholy, passivity
isolation, melancholy, passivity
isolation, melancholy, passivity
isolation, melancholy, passivity
love, passion, anger
love, passion, anger
love, passion, anger
isolation, melancholy, passivity
love, passion, anger
love, passion, anger
isolation, melancholy, passivity
love, passion, anger
love, passion, anger
love, passion, anger
love, passion, anger
love, passion, anger
isolation, melancholy, passivity
isolation, melancholy, passivity
isolation, melancholy, passivity
isolation, melancholy, passivity
isolation, melancholy, passivity
isolation, melancholy, passivity
isolation, melancholy, passivity
isolation, melancholy, passivity
isolation, melancholy, passivity
isolation, melancholy, passivity
isolation, melancholy, passivity
isolation, melancholy, passivity
isolation, melancholy, passivity
love, passion, anger
love, passion, anger
isolation, melancholy, passivity
isolation, melancholy, passivity
isolation, melancholy, passivity
innocence, playful, empathy
innocence, playful, empathy
innocence, playful, empathy
isolation, melancholy, passivity
love, passion, anger
love, passion, anger
isolation, melancholy, passivity
love, passion, anger
love, passion, anger
innocence, playful, empathy
innocence, playful, empathy
innocence, playful, empathy
isolation, melancholy, passivity
isolation, melancholy, passivity
isolation, melancholy, passivity
isolation, melancholy, passivity
isolation, melancholy, passivity
isolation, melancholy, passivity
isolation, melancholy, passivity
isolation, melancholy, passivity
isolation, melancholy, passivity
innocence, playful, empathy
love, passion, anger
love, passion, anger
isolation, melancholy, passivity
isolation, melancholy, passivity
isolation, melancholy, passivity
isolation, melancholy, passivity
isolation, melancholy, passivity
isolation, melancholy, passivity
isolation, melancholy, passivity
isolation, melancholy, passivity
isolation, melancholy, passivity
isolation, melancholy, passivity
isolation, melancholy, passivity
isolation, melancholy, passivity
love, passion, anger
love, passion, anger
love, passion, anger
isolation, melancholy, passivity
isolation, melancholy, passivity
isolation, melancholy, passivity
love, passion, anger
love, passion, anger
love, passion, anger
isolation, melancholy, passivity
isolation, melancholy, passivity
isolation, melancholy, passivity
love, passion, anger
love, passion, anger
love, passion, anger
innocence, playful, empathy
innocence, playful, empathy
innocence, playful, empathy
isolation, melancholy, passivity
isolation, melancholy, passivity
isolation, melancholy, passivity
isolation, melancholy, passivity
isolation, melancholy, passivity
isolation, melancholy, passivity
isolation, melancholy, passivity
isolation, melancholy, passivity
isolation, melancholy, passivity
isolation, melancholy, passivity
isolation, melancholy, passivity
isolation, melancholy, passivity
isolation, melancholy, passivity
isolation, melancholy, passivity
isolation, melancholy, passivity
isolation, melancholy, passivity
isolation, melancholy, passivity
isolation, melancholy, passivity
isolation, melancholy, passivity
isolation, melancholy, passivity
isolation, melancholy, passivity
innocence, playful, empathy
innocence, playful, empathy
innocence, playful, empathy
innocence, playful, empathy
love, passion, anger
love, passion, anger
isolation, melancholy, passivity
isolation, melancholy, passivity
isolation, melancholy, passivity
isolation, melancholy, passivity
isolation, melancholy, passivity
isolation, melancholy, passivity
isolation, melancholy, passivity
isolation, melancholy, passivity
isolation, melancholy, passivity
isolation, melancholy, passivity
innocence, playful, empathy
innocence, playful, empathy
isolation, melancholy, passivity
innocence, playful, empathy
innocence, playful, empathy
isolation, melancholy, passivity
isolation, melancholy, passivity
love, passion, anger
isolation, melancholy, passivity
innocence, playful, empathy
love, passion, anger
isolation, melancholy, passivity
innocence, playful, empathy
innocence, playful, empathy
isolation, melancholy, passivity
innocence, playful, empathy
innocence, playful, empathy
isolation, melancholy, passivity
isolation, melancholy, passivity
isolation, melancholy, passivity
isolation, melancholy, passivity
innocence, playful, empathy
love, passion, anger
isolation, melancholy, passivity
love, passion, anger
love, passion, anger
isolation, melancholy, passivity
isolation, melancholy, passivity
isolation, melancholy, passivity
isolation, melancholy, passivity
isolation, melancholy, passivity
isolation, melancholy, passivity
isolation, melancholy, passivity
love, passion, anger
love, passion, anger
isolation, melancholy, passivity
isolation, melancholy, passivity
isolation, melancholy, passivity
isolation, melancholy, passivity
love, passion, anger
love, passion, anger
love, passion, anger
love, passion, anger
love, passion, anger
isolation, melancholy, passivity
love, passion, anger
love, passion, anger
isolation, melancholy, passivity
love, passion, anger
love, passion, anger
isolation, melancholy, passivity
isolation, melancholy, passivity
isolation, melancholy, passivity
love, passion, anger
love, passion, anger
love, passion, anger
isolation, melancholy, passivity
isolation, melancholy, passivity
isolation, melancholy, passivity
love, passion, anger
love, passion, anger
isolation, melancholy, passivity
love, passion, anger
love, passion, anger
isolation, melancholy, passivity
isolation, melancholy, passivity
isolation, melancholy, passivity
isolation, melancholy, passivity
isolation, melancholy, passivity
innocence, playful, empathy
love, passion, anger
love, passion, anger
innocence, playful, empathy
innocence, playful, empathy
love, passion, anger
love, passion, anger
love, passion, anger
isolation, melancholy, passivity
love, passion, anger
love, passion, anger
love, passion, anger
love, passion, anger
love, passion, anger
innocence, playful, empathy
innocence, playful, empathy
innocence, playful, empathy
love, passion, anger
love, passion, anger
love, passion, anger
isolation, melancholy, passivity
isolation, melancholy, passivity
isolation, melancholy, passivity
love, passion, anger
love, passion, anger
love, passion, anger
love, passion, anger
love, passion, anger
love, passion, anger
love, passion, anger
love, passion, anger
love, passion, anger
love, passion, anger
innocence, playful, empathy
innocence, playful, empathy
love, passion, anger
love, passion, anger
innocence, playful, empathy
love, passion, anger
love, passion, anger
love, passion, anger
isolation, melancholy, passivity
love, passion, anger
love, passion, anger
innocence, playful, empathy
innocence, playful, empathy
innocence, playful, empathy
innocence, playful, empathy
love, passion, anger
love, passion, anger
innocence, playful, empathy
innocence, playful, empathy
love, passion, anger
innocence, playful, empathy
love, passion, anger
love, passion, anger
love, passion, anger
love, passion, anger
love, passion, anger
innocence, playful, empathy
isolation, melancholy, passivity
isolation, melancholy, passivity
innocence, playful, empathy
love, passion, anger
love, passion, anger
innocence, playful, empathy
love, passion, anger
love, passion, anger
innocence, playful, empathy
love, passion, anger
love, passion, anger
innocence, playful, empathy
love, passion, anger
isolation, melancholy, passivity
innocence, playful, empathy
love, passion, anger
love, passion, anger
love, passion, anger
isolation, melancholy, passivity
isolation, melancholy, passivity
love, passion, anger
love, passion, anger
love, passion, anger
isolation, melancholy, passivity
isolation, melancholy, passivity
isolation, melancholy, passivity
innocence, playful, empathy
innocence, playful, empathy
innocence, playful, empathy
isolation, melancholy, passivity
isolation, melancholy, passivity
isolation, melancholy, passivity
innocence, playful, empathy
innocence, playful, empathy
innocence, playful, empathy
love, passion, anger
love, passion, anger
love, passion, anger
isolation, melancholy, passivity
innocence, playful, empathy
innocence, playful, empathy
isolation, melancholy, passivity
innocence, playful, empathy
innocence, playful, empathy
love, passion, anger
innocence, playful, empathy
innocence, playful, empathy
isolation, melancholy, passivity
love, passion, anger
love, passion, anger
love, passion, anger
love, passion, anger
love, passion, anger
isolation, melancholy, passivity
isolation, melancholy, passivity
love, passion, anger
isolation, melancholy, passivity
isolation, melancholy, passivity
isolation, melancholy, passivity
love, passion, anger
love, passion, anger
love, passion, anger
love, passion, anger
love, passion, anger
love, passion, anger
isolation, melancholy, passivity
isolation, melancholy, passivity
isolation, melancholy, passivity
isolation, melancholy, passivity
isolation, melancholy, passivity
isolation, melancholy, passivity
love, passion, anger
love, passion, anger
love, passion, anger
isolation, melancholy, passivity
isolation, melancholy, passivity
isolation, melancholy, passivity
isolation, melancholy, passivity
isolation, melancholy, passivity
isolation, melancholy, passivity
isolation, melancholy, passivity
isolation, melancholy, passivity
love, passion, anger
love, passion, anger
love, passion, anger
love, passion, anger
love, passion, anger
isolation, melancholy, passivity
isolation, melancholy, passivity
isolation, melancholy, passivity
isolation, melancholy, passivity
isolation, melancholy, passivity
isolation, melancholy, passivity
isolation, melancholy, passivity
isolation, melancholy, passivity
isolation, melancholy, passivity
isolation, melancholy, passivity
isolation, melancholy, passivity
isolation, melancholy, passivity
isolation, melancholy, passivity
isolation, melancholy, passivity
isolation, melancholy, passivity
isolation, melancholy, passivity
isolation, melancholy, passivity
isolation, melancholy, passivity
isolation, melancholy, passivity
isolation, melancholy, passivity
love, passion, anger
love, passion, anger
love, passion, anger
isolation, melancholy, passivity
love, passion, anger
love, passion, anger
isolation, melancholy, passivity
love, passion, anger
love, passion, anger
love, passion, anger
love, passion, anger
love, passion, anger
love, passion, anger
love, passion, anger
love, passion, anger
isolation, melancholy, passivity
love, passion, anger
love, passion, anger
love, passion, anger
love, passion, anger
love, passion, anger
isolation, melancholy, passivity
love, passion, anger
love, passion, anger
isolation, melancholy, passivity
isolation, melancholy, passivity
isolation, melancholy, passivity
isolation, melancholy, passivity
love, passion, anger
love, passion, anger
love, passion, anger
love, passion, anger
innocence, playful, empathy
love, passion, anger
love, passion, anger
love, passion, anger
isolation, melancholy, passivity
isolation, melancholy, passivity
isolation, melancholy, passivity
isolation, melancholy, passivity
isolation, melancholy, passivity
isolation, melancholy, passivity
love, passion, anger
love, passion, anger
isolation, melancholy, passivity
isolation, melancholy, passivity
isolation, melancholy, passivity
love, passion, anger
isolation, melancholy, passivity
isolation, melancholy, passivity
love, passion, anger
love, passion, anger
love, passion, anger
love, passion, anger
isolation, melancholy, passivity
isolation, melancholy, passivity
love, passion, anger
love, passion, anger
love, passion, anger
love, passion, anger
isolation, melancholy, passivity
love, passion, anger
love, passion, anger
isolation, melancholy, passivity
love, passion, anger
love, passion, anger
love, passion, anger
love, passion, anger
love, passion, anger
love, passion, anger
love, passion, anger
isolation, melancholy, passivity
love, passion, anger
love, passion, anger
love, passion, anger
love, passion, anger
love, passion, anger
love, passion, anger
isolation, melancholy, passivity
isolation, melancholy, passivity
isolation, melancholy, passivity
isolation, melancholy, passivity
innocence, playful, empathy
innocence, playful, empathy
isolation, melancholy, passivity
innocence, playful, empathy
innocence, playful, empathy
isolation, melancholy, passivity
love, passion, anger
love, passion, anger
isolation, melancholy, passivity
love, passion, anger
love, passion, anger
isolation, melancholy, passivity
love, passion, anger
love, passion, anger
love, passion, anger
love, passion, anger
love, passion, anger
love, passion, anger
love, passion, anger
love, passion, anger
isolation, melancholy, passivity
love, passion, anger
love, passion, anger
isolation, melancholy, passivity
innocence, playful, empathy
innocence, playful, empathy
isolation, melancholy, passivity
innocence, playful, empathy
innocence, playful, empathy
isolation, melancholy, passivity
love, passion, anger
love, passion, anger
isolation, melancholy, passivity
love, passion, anger
love, passion, anger
isolation, melancholy, passivity
love, passion, anger
love, passion, anger
love, passion, anger
love, passion, anger
love, passion, anger
isolation, melancholy, passivity
love, passion, anger
love, passion, anger
isolation, melancholy, passivity
love, passion, anger
innocence, playful, empathy
isolation, melancholy, passivity
love, passion, anger
love, passion, anger
love, passion, anger
love, passion, anger
love, passion, anger
love, passion, anger
isolation, melancholy, passivity
isolation, melancholy, passivity
love, passion, anger
love, passion, anger
love, passion, anger
love, passion, anger
love, passion, anger
love, passion, anger
love, passion, anger
love, passion, anger
love, passion, anger
love, passion, anger
love, passion, anger
love, passion, anger
love, passion, anger
love, passion, anger
love, passion, anger
isolation, melancholy, passivity
isolation, melancholy, passivity
isolation, melancholy, passivity
isolation, melancholy, passivity
love, passion, anger
love, passion, anger
isolation, melancholy, passivity
isolation, melancholy, passivity
isolation, melancholy, passivity
isolation, melancholy, passivity
innocence, playful, empathy
innocence, playful, empathy
isolation, melancholy, passivity
innocence, playful, empathy
innocence, playful, empathy
love, passion, anger
isolation, melancholy, passivity
isolation, melancholy, passivity
isolation, melancholy, passivity
isolation, melancholy, passivity
isolation, melancholy, passivity
isolation, melancholy, passivity
isolation, melancholy, passivity
isolation, melancholy, passivity
isolation, melancholy, passivity
love, passion, anger
love, passion, anger
isolation, melancholy, passivity
innocence, playful, empathy
innocence, playful, empathy
isolation, melancholy, passivity
isolation, melancholy, passivity
isolation, melancholy, passivity
isolation, melancholy, passivity
love, passion, anger
love, passion, anger
isolation, melancholy, passivity
love, passion, anger
love, passion, anger
isolation, melancholy, passivity
isolation, melancholy, passivity
isolation, melancholy, passivity
innocence, playful, empathy
innocence, playful, empathy
innocence, playful, empathy
love, passion, anger
love, passion, anger
love, passion, anger
love, passion, anger
isolation, melancholy, passivity
isolation, melancholy, passivity
isolation, melancholy, passivity
innocence, playful, empathy
innocence, playful, empathy
isolation, melancholy, passivity
innocence, playful, empathy
innocence, playful, empathy
isolation, melancholy, passivity
innocence, playful, empathy
innocence, playful, empathy
isolation, melancholy, passivity
innocence, playful, empathy
innocence, playful, empathy
isolation, melancholy, passivity
innocence, playful, empathy
innocence, playful, empathy
isolation, melancholy, passivity
love, passion, anger
love, passion, anger
love, passion, anger
isolation, melancholy, passivity
isolation, melancholy, passivity
love, passion, anger
isolation, melancholy, passivity
isolation, melancholy, passivity
isolation, melancholy, passivity
isolation, melancholy, passivity
isolation, melancholy, passivity
isolation, melancholy, passivity
isolation, melancholy, passivity
isolation, melancholy, passivity
isolation, melancholy, passivity
isolation, melancholy, passivity
isolation, melancholy, passivity
isolation, melancholy, passivity
innocence, playful, empathy
innocence, playful, empathy
isolation, melancholy, passivity
isolation, melancholy, passivity
isolation, melancholy, passivity
love, passion, anger
innocence, playful, empathy
innocence, playful, empathy
isolation, melancholy, passivity
innocence, playful, empathy
innocence, playful, empathy
love, passion, anger
isolation, melancholy, passivity
innocence, playful, empathy
isolation, melancholy, passivity
isolation, melancholy, passivity
isolation, melancholy, passivity
isolation, melancholy, passivity
innocence, playful, empathy
innocence, playful, empathy
innocence, playful, empathy
innocence, playful, empathy
innocence, playful, empathy
isolation, melancholy, passivity
innocence, playful, empathy
innocence, playful, empathy
isolation, melancholy, passivity
isolation, melancholy, passivity
isolation, melancholy, passivity
isolation, melancholy, passivity
love, passion, anger
love, passion, anger
isolation, melancholy, passivity
innocence, playful, empathy
innocence, playful, empathy
isolation, melancholy, passivity
isolation, melancholy, passivity
isolation, melancholy, passivity
isolation, melancholy, passivity
isolation, melancholy, passivity
love, passion, anger
isolation, melancholy, passivity
isolation, melancholy, passivity
innocence, playful, empathy
isolation, melancholy, passivity
isolation, melancholy, passivity
isolation, melancholy, passivity
isolation, melancholy, passivity
isolation, melancholy, passivity
isolation, melancholy, passivity
isolation, melancholy, passivity
isolation, melancholy, passivity
innocence, playful, empathy
isolation, melancholy, passivity
innocence, playful, empathy
innocence, playful, empathy
isolation, melancholy, passivity
isolation, melancholy, passivity
isolation, melancholy, passivity
isolation, melancholy, passivity
innocence, playful, empathy
love, passion, anger
isolation, melancholy, passivity
innocence, playful, empathy
innocence, playful, empathy
love, passion, anger
love, passion, anger
innocence, playful, empathy
isolation, melancholy, passivity
innocence, playful, empathy
innocence, playful, empathy
isolation, melancholy, passivity
love, passion, anger
innocence, playful, empathy
isolation, melancholy, passivity
innocence, playful, empathy
innocence, playful, empathy
isolation, melancholy, passivity
isolation, melancholy, passivity
isolation, melancholy, passivity
isolation, melancholy, passivity
isolation, melancholy, passivity
isolation, melancholy, passivity
isolation, melancholy, passivity
innocence, playful, empathy
innocence, playful, empathy
isolation, melancholy, passivity
isolation, melancholy, passivity
innocence, playful, empathy
isolation, melancholy, passivity
isolation, melancholy, passivity
isolation, melancholy, passivity
isolation, melancholy, passivity
innocence, playful, empathy
innocence, playful, empathy
isolation, melancholy, passivity
isolation, melancholy, passivity
isolation, melancholy, passivity
isolation, melancholy, passivity
innocence, playful, empathy
innocence, playful, empathy
isolation, melancholy, passivity
isolation, melancholy, passivity
isolation, melancholy, passivity
isolation, melancholy, passivity
innocence, playful, empathy
innocence, playful, empathy
isolation, melancholy, passivity
innocence, playful, empathy
innocence, playful, empathy
isolation, melancholy, passivity
isolation, melancholy, passivity
isolation, melancholy, passivity
innocence, playful, empathy
innocence, playful, empathy
innocence, playful, empathy
innocence, playful, empathy
innocence, playful, empathy
innocence, playful, empathy
isolation, melancholy, passivity
isolation, melancholy, passivity
isolation, melancholy, passivity
innocence, playful, empathy
innocence, playful, empathy
innocence, playful, empathy
isolation, melancholy, passivity
isolation, melancholy, passivity
isolation, melancholy, passivity
innocence, playful, empathy
innocence, playful, empathy
innocence, playful, empathy
isolation, melancholy, passivity
innocence, playful, empathy
innocence, playful, empathy
isolation, melancholy, passivity
isolation, melancholy, passivity
isolation, melancholy, passivity
isolation, melancholy, passivity
innocence, playful, empathy
innocence, playful, empathy
isolation, melancholy, passivity
innocence, playful, empathy
innocence, playful, empathy
innocence, playful, empathy
innocence, playful, empathy
innocence, playful, empathy
isolation, melancholy, passivity
isolation, melancholy, passivity
isolation, melancholy, passivity
innocence, playful, empathy
innocence, playful, empathy
innocence, playful, empathy
isolation, melancholy, passivity
innocence, playful, empathy
innocence, playful, empathy
isolation, melancholy, passivity
innocence, playful, empathy
innocence, playful, empathy
isolation, melancholy, passivity
innocence, playful, empathy
innocence, playful, empathy
innocence, playful, empathy
innocence, playful, empathy
innocence, playful, empathy
isolation, melancholy, passivity
isolation, melancholy, passivity
isolation, melancholy, passivity
isolation, melancholy, passivity
innocence, playful, empathy
innocence, playful, empathy
innocence, playful, empathy
love, passion, anger
love, passion, anger
innocence, playful, empathy
innocence, playful, empathy
innocence, playful, empathy
isolation, melancholy, passivity
innocence, playful, empathy
innocence, playful, empathy
innocence, playful, empathy
innocence, playful, empathy
innocence, playful, empathy
isolation, melancholy, passivity
innocence, playful, empathy
innocence, playful, empathy
isolation, melancholy, passivity
love, passion, anger
love, passion, anger
love, passion, anger
isolation, melancholy, passivity
isolation, melancholy, passivity
isolation, melancholy, passivity
love, passion, anger
love, passion, anger
isolation, melancholy, passivity
isolation, melancholy, passivity
isolation, melancholy, passivity
love, passion, anger
love, passion, anger
love, passion, anger
isolation, melancholy, passivity
innocence, playful, empathy
innocence, playful, empathy
isolation, melancholy, passivity
isolation, melancholy, passivity
innocence, playful, empathy
love, passion, anger
love, passion, anger
love, passion, anger
isolation, melancholy, passivity
love, passion, anger
love, passion, anger
isolation, melancholy, passivity
love, passion, anger
love, passion, anger
love, passion, anger
love, passion, anger
love, passion, anger
love, passion, anger
innocence, playful, empathy
innocence, playful, empathy
isolation, melancholy, passivity
love, passion, anger
isolation, melancholy, passivity
isolation, melancholy, passivity
isolation, melancholy, passivity
isolation, melancholy, passivity
isolation, melancholy, passivity
innocence, playful, empathy
innocence, playful, empathy
love, passion, anger
love, passion, anger
love, passion, anger
love, passion, anger
love, passion, anger
love, passion, anger
love, passion, anger
love, passion, anger
love, passion, anger
isolation, melancholy, passivity
innocence, playful, empathy
innocence, playful, empathy
love, passion, anger
love, passion, anger
love, passion, anger
isolation, melancholy, passivity
love, passion, anger
love, passion, anger
isolation, melancholy, passivity
love, passion, anger
love, passion, anger
isolation, melancholy, passivity
isolation, melancholy, passivity
isolation, melancholy, passivity
isolation, melancholy, passivity
love, passion, anger
love, passion, anger
love, passion, anger
innocence, playful, empathy
innocence, playful, empathy
love, passion, anger
love, passion, anger
love, passion, anger
love, passion, anger
innocence, playful, empathy
innocence, playful, empathy
love, passion, anger
innocence, playful, empathy
innocence, playful, empathy
isolation, melancholy, passivity
isolation, melancholy, passivity
isolation, melancholy, passivity
love, passion, anger
innocence, playful, empathy
innocence, playful, empathy
isolation, melancholy, passivity
isolation, melancholy, passivity
isolation, melancholy, passivity
isolation, melancholy, passivity
isolation, melancholy, passivity
isolation, melancholy, passivity
love, passion, anger
love, passion, anger
love, passion, anger
isolation, melancholy, passivity
love, passion, anger
love, passion, anger
isolation, melancholy, passivity
isolation, melancholy, passivity
isolation, melancholy, passivity
isolation, melancholy, passivity
isolation, melancholy, passivity
isolation, melancholy, passivity
isolation, melancholy, passivity
innocence, playful, empathy
love, passion, anger
isolation, melancholy, passivity
innocence, playful, empathy
innocence, playful, empathy
love, passion, anger
love, passion, anger
love, passion, anger
love, passion, anger
love, passion, anger
love, passion, anger
isolation, melancholy, passivity
innocence, playful, empathy
innocence, playful, empathy
isolation, melancholy, passivity
innocence, playful, empathy
innocence, playful, empathy
love, passion, anger
love, passion, anger
love, passion, anger
isolation, melancholy, passivity
love, passion, anger
love, passion, anger
isolation, melancholy, passivity
love, passion, anger
innocence, playful, empathy
isolation, melancholy, passivity
love, passion, anger
love, passion, anger
isolation, melancholy, passivity
isolation, melancholy, passivity
isolation, melancholy, passivity
isolation, melancholy, passivity
innocence, playful, empathy
innocence, playful, empathy
love, passion, anger
love, passion, anger
love, passion, anger
isolation, melancholy, passivity
isolation, melancholy, passivity
isolation, melancholy, passivity
isolation, melancholy, passivity
innocence, playful, empathy
innocence, playful, empathy
innocence, playful, empathy
innocence, playful, empathy
innocence, playful, empathy
isolation, melancholy, passivity
isolation, melancholy, passivity
isolation, melancholy, passivity
isolation, melancholy, passivity
love, passion, anger
love, passion, anger
isolation, melancholy, passivity
love, passion, anger
love, passion, anger
isolation, melancholy, passivity
love, passion, anger
love, passion, anger
love, passion, anger
love, passion, anger
love, passion, anger
isolation, melancholy, passivity
love, passion, anger
love, passion, anger
isolation, melancholy, passivity
love, passion, anger
innocence, playful, empathy
isolation, melancholy, passivity
love, passion, anger
innocence, playful, empathy
isolation, melancholy, passivity
love, passion, anger
love, passion, anger
isolation, melancholy, passivity
isolation, melancholy, passivity
isolation, melancholy, passivity
innocence, playful, empathy
innocence, playful, empathy
innocence, playful, empathy
isolation, melancholy, passivity
love, passion, anger
love, passion, anger
isolation, melancholy, passivity
love, passion, anger
love, passion, anger
isolation, melancholy, passivity
isolation, melancholy, passivity
isolation, melancholy, passivity
isolation, melancholy, passivity
isolation, melancholy, passivity
isolation, melancholy, passivity
isolation, melancholy, passivity
isolation, melancholy, passivity
isolation, melancholy, passivity
isolation, melancholy, passivity
innocence, playful, empathy
innocence, playful, empathy
isolation, melancholy, passivity
isolation, melancholy, passivity
isolation, melancholy, passivity
isolation, melancholy, passivity
love, passion, anger
love, passion, anger
isolation, melancholy, passivity
isolation, melancholy, passivity
isolation, melancholy, passivity
innocence, playful, empathy
innocence, playful, empathy
innocence, playful, empathy
isolation, melancholy, passivity
isolation, melancholy, passivity
isolation, melancholy, passivity
isolation, melancholy, passivity
isolation, melancholy, passivity
isolation, melancholy, passivity
isolation, melancholy, passivity
innocence, playful, empathy
innocence, playful, empathy
love, passion, anger
love, passion, anger
love, passion, anger
love, passion, anger
love, passion, anger
love, passion, anger
isolation, melancholy, passivity
innocence, playful, empathy
innocence, playful, empathy
isolation, melancholy, passivity
isolation, melancholy, passivity
isolation, melancholy, passivity
love, passion, anger
love, passion, anger
love, passion, anger
isolation, melancholy, passivity
isolation, melancholy, passivity
isolation, melancholy, passivity
isolation, melancholy, passivity
love, passion, anger
love, passion, anger
innocence, playful, empathy
innocence, playful, empathy
innocence, playful, empathy
love, passion, anger
love, passion, anger
innocence, playful, empathy
isolation, melancholy, passivity
isolation, melancholy, passivity
isolation, melancholy, passivity
isolation, melancholy, passivity
isolation, melancholy, passivity
isolation, melancholy, passivity
love, passion, anger
love, passion, anger
love, passion, anger
isolation, melancholy, passivity
isolation, melancholy, passivity
isolation, melancholy, passivity
isolation, melancholy, passivity
isolation, melancholy, passivity
isolation, melancholy, passivity
isolation, melancholy, passivity
isolation, melancholy, passivity
isolation, melancholy, passivity
isolation, melancholy, passivity
isolation, melancholy, passivity
isolation, melancholy, passivity
isolation, melancholy, passivity
isolation, melancholy, passivity
isolation, melancholy, passivity
innocence, playful, empathy
innocence, playful, empathy
innocence, playful, empathy
isolation, melancholy, passivity
isolation, melancholy, passivity
innocence, playful, empathy
innocence, playful, empathy
innocence, playful, empathy
love, passion, anger
isolation, melancholy, passivity
isolation, melancholy, passivity
innocence, playful, empathy
isolation, melancholy, passivity
isolation, melancholy, passivity
love, passion, anger
love, passion, anger
love, passion, anger
love, passion, anger
love, passion, anger
love, passion, anger
love, passion, anger
isolation, melancholy, passivity
isolation, melancholy, passivity
innocence, playful, empathy
isolation, melancholy, passivity
isolation, melancholy, passivity
isolation, melancholy, passivity
isolation, melancholy, passivity
isolation, melancholy, passivity
isolation, melancholy, passivity
isolation, melancholy, passivity
isolation, melancholy, passivity
isolation, melancholy, passivity
isolation, melancholy, passivity
isolation, melancholy, passivity
isolation, melancholy, passivity
isolation, melancholy, passivity
isolation, melancholy, passivity
isolation, melancholy, passivity
isolation, melancholy, passivity
isolation, melancholy, passivity
isolation, melancholy, passivity
love, passion, anger
love, passion, anger
love, passion, anger
isolation, melancholy, passivity
isolation, melancholy, passivity
isolation, melancholy, passivity
isolation, melancholy, passivity
isolation, melancholy, passivity
isolation, melancholy, passivity
isolation, melancholy, passivity
isolation, melancholy, passivity
isolation, melancholy, passivity
isolation, melancholy, passivity
isolation, melancholy, passivity
isolation, melancholy, passivity
isolation, melancholy, passivity
love, passion, anger
love, passion, anger
isolation, melancholy, passivity
isolation, melancholy, passivity
isolation, melancholy, passivity
isolation, melancholy, passivity
isolation, melancholy, passivity
isolation, melancholy, passivity
isolation, melancholy, passivity
isolation, melancholy, passivity
isolation, melancholy, passivity
isolation, melancholy, passivity
love, passion, anger
isolation, melancholy, passivity
isolation, melancholy, passivity
isolation, melancholy, passivity
isolation, melancholy, passivity
isolation, melancholy, passivity
isolation, melancholy, passivity
isolation, melancholy, passivity
isolation, melancholy, passivity
isolation, melancholy, passivity
isolation, melancholy, passivity
isolation, melancholy, passivity
love, passion, anger
love, passion, anger
love, passion, anger
love, passion, anger
isolation, melancholy, passivity
isolation, melancholy, passivity
isolation, melancholy, passivity
isolation, melancholy, passivity
isolation, melancholy, passivity
love, passion, anger
love, passion, anger
isolation, melancholy, passivity
love, passion, anger
love, passion, anger
isolation, melancholy, passivity
isolation, melancholy, passivity
love, passion, anger
love, passion, anger
love, passion, anger
love, passion, anger
isolation, melancholy, passivity
isolation, melancholy, passivity
isolation, melancholy, passivity
innocence, playful, empathy
innocence, playful, empathy
love, passion, anger
isolation, melancholy, passivity
innocence, playful, empathy
innocence, playful, empathy
isolation, melancholy, passivity
isolation, melancholy, passivity
isolation, melancholy, passivity
isolation, melancholy, passivity
isolation, melancholy, passivity
isolation, melancholy, passivity
isolation, melancholy, passivity
isolation, melancholy, passivity
isolation, melancholy, passivity
isolation, melancholy, passivity
isolation, melancholy, passivity
isolation, melancholy, passivity
isolation, melancholy, passivity
isolation, melancholy, passivity
isolation, melancholy, passivity
isolation, melancholy, passivity
isolation, melancholy, passivity
isolation, melancholy, passivity
isolation, melancholy, passivity
isolation, melancholy, passivity
isolation, melancholy, passivity
love, passion, anger
love, passion, anger
love, passion, anger
isolation, melancholy, passivity
isolation, melancholy, passivity
isolation, melancholy, passivity
isolation, melancholy, passivity
isolation, melancholy, passivity
isolation, melancholy, passivity
isolation, melancholy, passivity
innocence, playful, empathy
innocence, playful, empathy
isolation, melancholy, passivity
isolation, melancholy, passivity
isolation, melancholy, passivity
love, passion, anger
love, passion, anger
love, passion, anger
innocence, playful, empathy
innocence, playful, empathy
innocence, playful, empathy
love, passion, anger
innocence, playful, empathy
innocence, playful, empathy
innocence, playful, empathy
innocence, playful, empathy
innocence, playful, empathy
isolation, melancholy, passivity
isolation, melancholy, passivity
love, passion, anger
isolation, melancholy, passivity
love, passion, anger
love, passion, anger
innocence, playful, empathy
love, passion, anger
love, passion, anger
innocence, playful, empathy
innocence, playful, empathy
innocence, playful, empathy
innocence, playful, empathy
innocence, playful, empathy
love, passion, anger
innocence, playful, empathy
love, passion, anger
love, passion, anger
innocence, playful, empathy
innocence, playful, empathy
innocence, playful, empathy
innocence, playful, empathy
innocence, playful, empathy
innocence, playful, empathy
innocence, playful, empathy
innocence, playful, empathy
innocence, playful, empathy
isolation, melancholy, passivity
isolation, melancholy, passivity
isolation, melancholy, passivity
innocence, playful, empathy
love, passion, anger
love, passion, anger
innocence, playful, empathy
love, passion, anger
love, passion, anger
innocence, playful, empathy
love, passion, anger
isolation, melancholy, passivity
innocence, playful, empathy
innocence, playful, empathy
innocence, playful, empathy
love, passion, anger
love, passion, anger
love, passion, anger
love, passion, anger
love, passion, anger
isolation, melancholy, passivity
isolation, melancholy, passivity
isolation, melancholy, passivity
isolation, melancholy, passivity
isolation, melancholy, passivity
isolation, melancholy, passivity
isolation, melancholy, passivity
isolation, melancholy, passivity
isolation, melancholy, passivity
isolation, melancholy, passivity
isolation, melancholy, passivity
isolation, melancholy, passivity
isolation, melancholy, passivity
isolation, melancholy, passivity
isolation, melancholy, passivity
isolation, melancholy, passivity
isolation, melancholy, passivity
isolation, melancholy, passivity
isolation, melancholy, passivity
isolation, melancholy, passivity
isolation, melancholy, passivity
isolation, melancholy, passivity
isolation, melancholy, passivity
isolation, melancholy, passivity
isolation, melancholy, passivity
isolation, melancholy, passivity
isolation, melancholy, passivity
isolation, melancholy, passivity
isolation, melancholy, passivity
isolation, melancholy, passivity
isolation, melancholy, passivity
isolation, melancholy, passivity
isolation, melancholy, passivity
isolation, melancholy, passivity
isolation, melancholy, passivity
isolation, melancholy, passivity
isolation, melancholy, passivity
isolation, melancholy, passivity
isolation, melancholy, passivity
isolation, melancholy, passivity
isolation, melancholy, passivity
isolation, melancholy, passivity
isolation, melancholy, passivity
isolation, melancholy, passivity
isolation, melancholy, passivity
isolation, melancholy, passivity
isolation, melancholy, passivity
isolation, melancholy, passivity
isolation, melancholy, passivity
isolation, melancholy, passivity
isolation, melancholy, passivity
isolation, melancholy, passivity
isolation, melancholy, passivity
isolation, melancholy, passivity
isolation, melancholy, passivity
isolation, melancholy, passivity
isolation, melancholy, passivity
isolation, melancholy, passivity
isolation, melancholy, passivity
isolation, melancholy, passivity
isolation, melancholy, passivity
isolation, melancholy, passivity
isolation, melancholy, passivity
isolation, melancholy, passivity
isolation, melancholy, passivity
isolation, melancholy, passivity
isolation, melancholy, passivity
isolation, melancholy, passivity
isolation, melancholy, passivity
isolation, melancholy, passivity
isolation, melancholy, passivity
isolation, melancholy, passivity
isolation, melancholy, passivity
isolation, melancholy, passivity
isolation, melancholy, passivity
isolation, melancholy, passivity
isolation, melancholy, passivity
isolation, melancholy, passivity
isolation, melancholy, passivity
isolation, melancholy, passivity
isolation, melancholy, passivity
isolation, melancholy, passivity
isolation, melancholy, passivity
isolation, melancholy, passivity
isolation, melancholy, passivity
isolation, melancholy, passivity
isolation, melancholy, passivity
isolation, melancholy, passivity
isolation, melancholy, passivity
isolation, melancholy, passivity
isolation, melancholy, passivity
isolation, melancholy, passivity
isolation, melancholy, passivity
isolation, melancholy, passivity
love, passion, anger
isolation, melancholy, passivity
isolation, melancholy, passivity
love, passion, anger
love, passion, anger
love, passion, anger
isolation, melancholy, passivity
isolation, melancholy, passivity
isolation, melancholy, passivity
love, passion, anger
love, passion, anger
love, passion, anger
love, passion, anger
love, passion, anger
love, passion, anger
love, passion, anger
love, passion, anger
love, passion, anger
love, passion, anger
love, passion, anger
love, passion, anger
love, passion, anger
love, passion, anger
love, passion, anger
isolation, melancholy, passivity
isolation, melancholy, passivity
isolation, melancholy, passivity
isolation, melancholy, passivity
isolation, melancholy, passivity
isolation, melancholy, passivity
isolation, melancholy, passivity
isolation, melancholy, passivity
isolation, melancholy, passivity
love, passion, anger
love, passion, anger
love, passion, anger
isolation, melancholy, passivity
isolation, melancholy, passivity
isolation, melancholy, passivity
love, passion, anger
love, passion, anger
love, passion, anger
isolation, melancholy, passivity
isolation, melancholy, passivity
isolation, melancholy, passivity
love, passion, anger
love, passion, anger
love, passion, anger
love, passion, anger
love, passion, anger
love, passion, anger
love, passion, anger
love, passion, anger
love, passion, anger
love, passion, anger
love, passion, anger
love, passion, anger
love, passion, anger
love, passion, anger
love, passion, anger
love, passion, anger
love, passion, anger
love, passion, anger
love, passion, anger
love, passion, anger
love, passion, anger
love, passion, anger
love, passion, anger
love, passion, anger
love, passion, anger
love, passion, anger
love, passion, anger
love, passion, anger
love, passion, anger
love, passion, anger
love, passion, anger
love, passion, anger
love, passion, anger
love, passion, anger
love, passion, anger
love, passion, anger
love, passion, anger
love, passion, anger
love, passion, anger
isolation, melancholy, passivity
isolation, melancholy, passivity
isolation, melancholy, passivity
love, passion, anger
love, passion, anger
love, passion, anger
love, passion, anger
love, passion, anger
love, passion, anger
isolation, melancholy, passivity
isolation, melancholy, passivity
isolation, melancholy, passivity
isolation, melancholy, passivity
isolation, melancholy, passivity
isolation, melancholy, passivity
love, passion, anger
love, passion, anger
love, passion, anger
isolation, melancholy, passivity
isolation, melancholy, passivity
isolation, melancholy, passivity
isolation, melancholy, passivity
isolation, melancholy, passivity
isolation, melancholy, passivity
isolation, melancholy, passivity
isolation, melancholy, passivity
isolation, melancholy, passivity
isolation, melancholy, passivity
isolation, melancholy, passivity
isolation, melancholy, passivity
isolation, melancholy, passivity
isolation, melancholy, passivity
isolation, melancholy, passivity
isolation, melancholy, passivity
isolation, melancholy, passivity
isolation, melancholy, passivity
isolation, melancholy, passivity
isolation, melancholy, passivity
isolation, melancholy, passivity
isolation, melancholy, passivity
isolation, melancholy, passivity
isolation, melancholy, passivity
isolation, melancholy, passivity
isolation, melancholy, passivity
isolation, melancholy, passivity
isolation, melancholy, passivity
isolation, melancholy, passivity
isolation, melancholy, passivity
isolation, melancholy, passivity
isolation, melancholy, passivity
isolation, melancholy, passivity
isolation, melancholy, passivity
isolation, melancholy, passivity
isolation, melancholy, passivity
isolation, melancholy, passivity
isolation, melancholy, passivity
isolation, melancholy, passivity
isolation, melancholy, passivity
isolation, melancholy, passivity
isolation, melancholy, passivity
isolation, melancholy, passivity
isolation, melancholy, passivity
isolation, melancholy, passivity
isolation, melancholy, passivity
isolation, melancholy, passivity
isolation, melancholy, passivity
isolation, melancholy, passivity
isolation, melancholy, passivity
isolation, melancholy, passivity
isolation, melancholy, passivity
isolation, melancholy, passivity
isolation, melancholy, passivity
isolation, melancholy, passivity
isolation, melancholy, passivity
isolation, melancholy, passivity
isolation, melancholy, passivity
isolation, melancholy, passivity
isolation, melancholy, passivity
love, passion, anger
love, passion, anger
love, passion, anger
love, passion, anger
love, passion, anger
love, passion, anger
love, passion, anger
love, passion, anger
love, passion, anger
isolation, melancholy, passivity
love, passion, anger
love, passion, anger
isolation, melancholy, passivity
love, passion, anger
love, passion, anger
isolation, melancholy, passivity
love, passion, anger
love, passion, anger
isolation, melancholy, passivity
love, passion, anger
love, passion, anger
isolation, melancholy, passivity
love, passion, anger
love, passion, anger
isolation, melancholy, passivity
isolation, melancholy, passivity
isolation, melancholy, passivity
isolation, melancholy, passivity
isolation, melancholy, passivity
isolation, melancholy, passivity
isolation, melancholy, passivity
isolation, melancholy, passivity
isolation, melancholy, passivity
isolation, melancholy, passivity
love, passion, anger
love, passion, anger
isolation, melancholy, passivity
love, passion, anger
love, passion, anger
isolation, melancholy, passivity
love, passion, anger
love, passion, anger
isolation, melancholy, passivity
love, passion, anger
love, passion, anger
isolation, melancholy, passivity
love, passion, anger
love, passion, anger
isolation, melancholy, passivity
love, passion, anger
love, passion, anger
isolation, melancholy, passivity
love, passion, anger
love, passion, anger
isolation, melancholy, passivity
love, passion, anger
love, passion, anger
isolation, melancholy, passivity
isolation, melancholy, passivity
isolation, melancholy, passivity
isolation, melancholy, passivity
love, passion, anger
love, passion, anger
isolation, melancholy, passivity
isolation, melancholy, passivity
isolation, melancholy, passivity
isolation, melancholy, passivity
love, passion, anger
love, passion, anger
isolation, melancholy, passivity
isolation, melancholy, passivity
isolation, melancholy, passivity
isolation, melancholy, passivity
love, passion, anger
love, passion, anger
isolation, melancholy, passivity
love, passion, anger
love, passion, anger
isolation, melancholy, passivity
love, passion, anger
love, passion, anger
isolation, melancholy, passivity
love, passion, anger
love, passion, anger
isolation, melancholy, passivity
isolation, melancholy, passivity
isolation, melancholy, passivity
isolation, melancholy, passivity
love, passion, anger
love, passion, anger
isolation, melancholy, passivity
love, passion, anger
love, passion, anger
isolation, melancholy, passivity
isolation, melancholy, passivity
isolation, melancholy, passivity
isolation, melancholy, passivity
love, passion, anger
love, passion, anger
isolation, melancholy, passivity
love, passion, anger
love, passion, anger
isolation, melancholy, passivity
love, passion, anger
love, passion, anger
isolation, melancholy, passivity
love, passion, anger
love, passion, anger
isolation, melancholy, passivity
isolation, melancholy, passivity
love, passion, anger
isolation, melancholy, passivity
isolation, melancholy, passivity
isolation, melancholy, passivity
isolation, melancholy, passivity
isolation, melancholy, passivity
isolation, melancholy, passivity
isolation, melancholy, passivity
love, passion, anger
love, passion, anger
isolation, melancholy, passivity
isolation, melancholy, passivity
isolation, melancholy, passivity
isolation, melancholy, passivity
isolation, melancholy, passivity
isolation, melancholy, passivity
love, passion, anger
love, passion, anger
love, passion, anger
isolation, melancholy, passivity
love, passion, anger
love, passion, anger
love, passion, anger
love, passion, anger
love, passion, anger
isolation, melancholy, passivity
isolation, melancholy, passivity
isolation, melancholy, passivity
love, passion, anger
love, passion, anger
love, passion, anger
love, passion, anger
love, passion, anger
love, passion, anger
love, passion, anger
love, passion, anger
love, passion, anger
love, passion, anger
love, passion, anger
love, passion, anger
love, passion, anger
love, passion, anger
love, passion, anger
love, passion, anger
love, passion, anger
isolation, melancholy, passivity
isolation, melancholy, passivity
isolation, melancholy, passivity
love, passion, anger
innocence, playful, empathy
isolation, melancholy, passivity
isolation, melancholy, passivity
innocence, playful, empathy
innocence, playful, empathy
isolation, melancholy, passivity
isolation, melancholy, passivity
isolation, melancholy, passivity
isolation, melancholy, passivity
